date,ETF_1,ETF_2,ETF_3,ETF_4,ETF_5
2019-01-02,0.013400941687794,-0.034188034188034,0.000659793814433,0.00104033290653,0.005267056209366
2019-01-03,-0.016082916368835,-0.010140117994101,0.009066183136899,-0.023862818770485,0.011379451494065
2019-01-04,0.040682891391209,0.006146395976905,-0.008086253369272,0.033495761844314,-0.011575198316335
2019-01-07,0.027399650959861,0.055720103665309,0.003458498023715,0.007884623004081,-0.002948161493735
2019-01-08,-0.002208255478172,0.016131860424338,-0.002708025603151,0.009395392719553,-0.002628336755647
2019-01-09,0.053115423901941,0.010353753235548,0.006418168353493,0.004673443159248,-0.001564687474265
2019-01-10,0.0061429033301,-0.00597779675491,-0.00588668138337,0.003527541962244,-0.006433520290333
2019-01-11,-0.006105398457584,0.009278350515464,0.001727115716753,0.000386279357231,0.00390171011124
2019-01-14,-0.007759456838021,-0.008512087163773,0.002380952380952,-0.006100857209051,-0.003721161002233
2019-01-15,0.002606712284132,0.025583791208791,-0.001720042591531,0.011460761460762,-0.003652058432935
2019-01-16,0.008612284692883,0.003515821195379,0.003199868723334,0.002419819473785,0.000999666777741
2019-01-17,-0.006927662316739,-0.012846179512846,-0.001308579373518,0.007586788259637,0.000249667110519
2019-01-18,0.034717715768981,0.005070136893696,-0.008926377856031,0.013310009126864,-0.005241700640652
2019-01-21,0.001254311696457,0.005717168320162,0,0,0
2019-01-22,-0.027247103037896,-0.01153653235245,0.003553131713766,-0.013510470614726,0.006774841083975
2019-01-23,0.003702511268513,0.000338294993234,-0.001399752984767,0.002092368561211,-0.000415385893495
2019-01-24,0.005292702485966,0.006763611768684,-0.001566622691293,0.000531490831783,0.006565824468085
2019-01-25,0.011327377153797,-0.046355391333557,0.014617226856057,0.008461392525137,-0.004789034761787
2019-01-28,-0.037387600567913,0.029587883057415,0.003499918606544,-0.007600270900745,-0.000995602754501
2019-01-29,0.037200917731891,-0.008723913787205,0.005596560953849,-0.001326963906582,0.005066024416577
2019-01-30,0.02117238110286,-0.012597066436583,0.005726730117761,0.01583083406097,-0.000743678730788
2019-01-31,0.013770694723813,0.020272631946872,0.000481193359532,0.008782420210778,0.008600016538493
2019-02-01,-0.009920634920635,-0.005652620760535,-0.002004008016032,0.000481606342385,-0.008280724768386
2019-02-04,-0.008632649915215,0.00396210163652,-0.00433734939759,0.007035473598459,-0.004464285714286
2019-02-05,-0.002954439433992,0.011667810569664,0.002581477896096,0.004191792910722,0.004567347616675
2019-02-06,0.00187149095446,-0.00033921302578,-0.006758931445124,-0.001318198462102,0.000495990741506
2019-02-07,-0.036425902864259,-0.002544960977265,0.002430330524951,-0.009532888465205,0.006609931421961
2019-02-08,0.008400646203554,-0.00340193910529,0.003798286730241,0.001221588805804,0.004268242633177
2019-02-11,-0.017462351810317,-0.015531660692951,-0.004911037758635,0.000554590157873,-0.003923171230078
2019-02-12,0.031142996902005,0.011442441054092,0.00210355987055,0.012859359988176,-0.002584721424469
2019-02-13,0.017235926628716,-0.00257113472746,-0.003956079444534,0.00324699014958,-0.003743161531817
2019-02-14,-0.00544069640914,-0.018216188348514,0.005592931831077,-0.002218262482272,0.005697770437655
2019-02-15,0.029384182557049,0.046385436723263,0.005964855714977,0.010897295721263,0.001560062402496
2019-02-18,0.009413908290313,0.017229842756775,0,0,0
2019-02-19,-0.006167268351384,0.005920078934386,0.015224358974359,0.001730540433356,0.002541400229546
2019-02-20,0.019827455728773,0.012097433382377,-0.0017363851618,0.002015475976246,-0.002862049227247
2019-02-21,-0.002968239833779,-0.013245033112583,-0.011306135357369,-0.003555906756223,-0.008938822371658
2019-02-22,0.005954153021733,0.004419708626616,0.00359856057577,0.006199985581429,0.005957798924286
2019-02-25,-0.034921574430305,-0.012059973924381,-0.001035856573705,0.001361324066776,-0.002961256889035
2019-02-26,0.007666360012266,-0.019630484988453,0.001675041876047,-0.000715512306812,0.004950086626516
2019-02-27,0.026475958612295,0.005384485949857,-0.007087115782768,-0.000429614778748,-0.011329119119941
2019-02-28,-0.002964719833976,-0.013891213389121,-0.005613922527869,-0.001862464183381,-0.003404467325417
2019-03-01,-0.017543859649123,-0.004582484725051,-0.017017501411404,0.006243720396153,-0.011331444759207
2019-03-04,0.006658595641647,-0.021483375959079,-0.002625533311454,-0.003637401041295,0.007837518961739
2019-03-05,0.000300661455201,0.003659174072138,0.001316222441593,-0.001360057265569,0.00209047579229
2019-03-06,-0.010219416892095,-0.015451388888889,-0.000903713440684,-0.006056913482905,0.003671562082777
2019-03-07,0.010324931673246,-0.009698465879034,-0.000822300797632,-0.008365485162081,0.00648486863984
2019-03-08,-0.022542831379621,0.006588319088319,0.010945601185088,-0.001999927275372,0.004212787047745
2019-03-11,0.018757687576876,0.01326729170352,-0.004884402474764,0.014501202361,-0.002961256889035
2019-03-12,0.010564443102928,-0.005412011173184,0.006053664921466,0.003771009912369,0.007012622720898
2019-03-13,0.014336917562724,-0.002632964718273,0.006993006993007,0.006619199255787,-0.001884319187285
2019-03-14,0.012367491166078,0.013199577613516,-0.011547157622739,-0.000639795265515,-0.007223179840762
2019-03-15,-0.002908667830134,0.003995136355741,0.004574789641369,0.000533504054631,0.00661430343117
2019-03-18,0.010793465577596,0.025778546712803,0.000569244531186,0.003625893142796,-0.000574948665298
2019-03-19,-0.000865800865801,-0.01045707539214,0.002763328998699,0.000247936811533,-0.002218934911243
2019-03-20,0.011265164644714,0.006817794443498,0.006484033068569,-0.003009915014164,0.010460423358867
2019-03-21,0.000856898029135,-0.020653461994244,-0.004026413271058,0.011294619072989,0.002200847733942
2019-03-22,-0.023116438356165,0.002420051858254,0.002344760672704,-0.019246303515611,0.015534770231802
2019-03-25,0.007595676307333,-0.002414209346439,0.007663144309107,-0.000752014324082,0.001601794009291
2019-03-26,0.014786894752102,0.004321521175454,-0.004963176432917,0.007454128440367,-0.000719654565808
2019-03-27,-0.005714285714286,-0.000688468158348,-0.005229283990346,-0.005229083665339,0.009202208530047
2019-03-28,-0.010632183908046,-0.001377884946607,-0.014152850788516,0.003790452351153,0.0034887408817
2019-03-29,0.02091199535289,-0.001724732666437,0.00090237899918,0.006305439777707,-0.00094816687737
2019-04-01,0.016500711237553,0.005528680027644,-0.003934103761987,0.011859246672331,-0.016371401455236
2019-04-02,0.019311502938707,0.005498281786942,0.003702789434707,0.00048980163034,0.001849320575702
2019-04-03,-0.00164744645799,-0.015208475734792,-0.001475651746188,0.001573591635486,-0.008667736757624
2019-04-04,0.004125412541254,0.024813465209093,0.002545155993432,0.002653445988409,0.002833549222798
2019-04-05,0.002191180498494,0.003217067389096,-0.001064613872738,0.004840169928268,0.001291676757891
2019-04-08,0.023230390817163,-0.01957805907173,0.004344974585998,0.000762380011782,-0.003547528823672
2019-04-09,-0.001201923076923,0.018075400241005,0.005224063341768,-0.005124831192216,0.003155595112873
2019-04-10,0.0049471854526,0.004903618532296,0.003085667884693,0.003410949845115,0.002419745120181
2019-04-11,-0.007184672698244,-0.004206629648326,-0.012790415283737,-0.000277498352354,-0.005873833279691
2019-04-12,0.009112838381131,-0.003886448124366,-0.000984009840098,0.006765899864682,-0.007122622420073
2019-04-15,-0.016201859229748,-0.00763358778626,-0.00188787654929,-0.000654811138682,0.002527105241705
2019-04-16,0.006749460043197,-0.003931623931624,-0.008963815789474,0.000655240197262,-0.006261180679785
2019-04-17,0.007374631268437,-0.007722670327785,-0.001908555306614,-0.002446925834023,0.000409131822273
2019-04-18,-0.005457207506988,0.021964718090626,0.000748254073828,0.001969252029711,0.00523474562408
2019-04-19,0,0,0,0,0
2019-04-22,0,0,0,0.000862009516585,-0.00480065093572
2019-04-23,0.03693790149893,-0.00609240142156,-0.002076929467475,0.008991628483825,0.002125746055106
2019-04-24,-0.005678884873516,0.007832453601226,0.002913752913753,-0.002219338978421,0.008158603247124
2019-04-25,0.000259605399792,-0.015205271160669,0.000830082178136,-0.000615953187558,-0.001456664238893
2019-04-26,-0.043602387749805,-0.004632012352033,0.006635149705565,0.004656736860127,0.00340384147824
2019-04-29,0.001763907734057,-0.021889003791796,-0.004449204910604,0.001567772059575,-0.006380744689444
2019-04-30,0.014492753623188,-0.002643171806167,0.003062153438716,0.000510429781876,0.005121118517314
2019-05-01,-0.010947930574098,-0.016077738515901,-0.006600660066007,-0.007516495476498,0.002021835826931
2019-05-02,-0.028617710583154,0.012390016160891,-0.003820598006645,-0.002158939035674,-0.004761904761905
2019-05-03,0.016675931072818,-0.019510464703796,0.005919626479907,0.009787760148362,0.00283837482767
2019-05-06,0,0,0.001326150020721,-0.004115226337449,0.002749474365195
2019-05-07,-0.01667577911427,-0.009768451519537,0.003310984190051,-0.016699678983676,0.007661290322581
2019-05-08,0.014456491520712,-0.019546949214469,-0.002475043313258,-0.001389226548119,-0.004321728691477
2019-05-09,-0.014524527267745,0.005589714924539,0.002398478206931,-0.003025771223872,0.004099348926935
2019-05-10,0.008898776418242,-0.003335186214564,0.001897689768977,0.005023372636573,-0.001360870957413
2019-05-13,0.000964718853363,0.004089979550102,0.010211644568887,-0.025130163137799,0.007855711422846
2019-05-14,0.000413052457662,0.013701166450657,-0.001711910002446,0.009043651641387,-0.002942813966436
2019-05-15,0.006330856041839,-0.006575342465753,-0.000571615221297,0.005857445306987,0.006142310146777
2019-05-16,0.017231947483589,-0.006618863761721,-0.007190129912575,0.009261208166702,-0.00332989772457
2019-05-17,-0.001747781661737,-0.027207107162687,-0.007077606781335,-0.006465067778936,0.002227348659613
2019-05-20,-0.001346801346802,0.012176560121766,-8.28843762951115E-05,-0.006612090680101,-0.002063655845702
2019-05-21,-0.002562373567093,-0.012781954887218,-0.002320954907162,0.0090156717732,-0.001590710252128
2019-05-22,-0.02230935640887,0.014661081492765,-0.000997008973081,-0.003071446022826,0.005735680713774
2019-05-23,-0.056423731157516,-0.00150121974104,0.007734530938124,-0.012218604488324,0.011247524752475
2019-05-24,-0.00395720357614,0.008832926141703,0.001072872823306,0.00226837740129,0.000861596302969
2019-05-27,0,0,0,0,0
2019-05-28,0.012948793407887,0.000931445603577,-0.003874690849134,-0.009300516302426,0.007904210361559
2019-05-29,-0.023532829750145,0.017680997580495,0.000331043614996,-0.00671069070141,0.002329373398556
2019-05-30,0.005504314192205,-0.005669348939283,0.006784148258459,0.0027311603838,0.008598652103184
2019-05-31,-0.040686492084628,0.009564097848078,0.013476867450078,-0.013475253556965,0.012519201228879
2019-06-03,-0.037014188772363,0.004918928766624,0.014432822508717,-0.002542957823228,0.004627171357051
2019-06-04,0.003523382447149,0.027374909354605,0.00031971864759,0.021706668609098,-0.011401389308366
2019-06-05,-0.039259495691031,-0.003352743956238,0.002556931681982,0.008662175168431,-0.005651875047735
2019-06-06,0.004651162790698,0.013279036827196,0.003267713397625,0.006502685891999,0.003226054228435
2019-06-07,0.038029100529101,0.000349467062729,0.005640292341913,0.01000702247191,0.008651711201286
2019-06-10,0.005415737496018,-0.000873362445415,-0.009953392843037,0.004588910133843,-0.00941247912555
2019-06-11,-0.003326996197719,-0.001398601398601,-0.001196840341498,-0.00024223967886,0.000613026819923
2019-06-12,-0.033222063264982,0.009978991596639,0.005192522767215,-0.001765316718588,0.000765814060346
2019-06-13,0.015126603091088,0.005026867741376,0.006119367400461,0.004126356669787,0.003443526170799
2019-06-14,0.001619695497247,0.001552259399793,-0.000315955766193,-0.001105048691208,0.002516586593457
2019-06-17,-0.007761966364813,-0.004305148958154,-0.00063211125158,0.000380280716311,0.001749581621786
2019-06-18,0.029009126466754,-0.004842615012107,0.00506008855155,0.010471023257421,0.005011770066064
2019-06-19,-0.005701615457713,-0.005387556482447,0.006057268722467,0.002257181942545,0.001435587457499
2019-06-20,0.057343102899012,0.002271535907741,0.025177887246853,0.00955435746946,0.002640712237815
2019-06-21,0.011147936125339,-0.004707112970711,0.006635649454656,-0.006286757250051,-0.010986530212958
2019-06-24,-0.012216924910608,-0.006480994920301,0.014850734959843,-0.001224489795918,0.007456440690862
2019-06-25,0.022473604826546,0.000705218617771,0.001941167687024,-0.009807928075194,0.003096442866853
2019-06-26,0.02109455671928,-0.009513742071882,-0.009165424739195,-0.000997386160407,-0.006399638608643
2019-06-27,-0.001155735336608,0.017787264318748,-0.000977664134767,0.00354597720935,0.007047056149125
2019-06-28,0.000723170378941,0.001747640685075,0.002710027100271,0.005145797598628,-0.000677200902935
2019-07-01,-0.008238184708773,-0.007676203768318,-0.019369369369369,0.009078498293515,-0.004291845493562
2019-07-02,-0.033517924803265,-0.027426160337553,0.021359669269637,0.002604342826219,0.007713248638838
2019-07-03,-0.005729794933655,0.020065075921909,0.001649051795218,0.007995142192086,0.007128920906499
2019-07-04,0.008189262966333,0.001772107035265,0,0,0
2019-07-05,0.003008423586041,-0.008667963912967,-0.011150190825414,-0.001137884872825,-0.013262797109008
2019-07-08,0.014697060587883,0.001962883654532,-0.00643257151506,-0.005494873684916,0.001359208638526
2019-07-09,-0.005320721253325,-0.007658058771149,0.003503694112271,0.001246546728657,-0.000377045471684
2019-07-10,0.035066864784547,0.006640344580043,0.015787476280835,0.004778088091793,-0.00550694025347
2019-07-11,0.016939420040195,-0.001604564093421,-0.008443547784503,0.002344194769097,-0.013350527194114
2019-07-12,-0.005364201016375,-0.009642857142857,0.006254709871891,0.004476963683138,0.001153225186438
2019-07-15,-0.003406187908033,-0.026685899747566,0,0.000332612672543,0.005759483950238
2019-07-16,-0.009683850754771,-0.00389032975176,-0.008462517786265,-0.003458021612635,-0.00297778117126
2019-07-17,-0.041127408685649,-0.013390366375302,0.016465256797583,-0.006573020586567,0.010797978250881
2019-07-18,-0.034193161367727,-0.014137606032045,0.014117996730569,0.00366091220528,7.57633154027104E-05
2019-07-19,0.001552795031056,-0.001147227533461,-0.014727432590856,-0.00555499782485,-0.002348484848485
2019-07-22,0.016124031007752,0.000382848392037,-0.000148732059195,0.002456506376821,0.001898397752297
2019-07-23,-0.002136100091547,-0.012820512820513,-0.005652658981034,0.007150050352467,-0.005457025920873
2019-07-24,0.014678899082569,0.047489823609227,0.005086393896327,0.004699530046995,0.004343850022862
2019-07-25,-0.008438818565401,0.007586972612879,-0.007070030512763,-0.004777070063694,-0.004780332346916
2019-07-26,-0.006382978723404,-0.00257116620753,0.001648928196672,0.0067,0.002363525465081
2019-07-29,0.002447231569287,0.008469895046953,0.006659682729722,-0.001821131750604,0.00030425192059
2019-07-30,0.017699115044248,0.006207777980646,0.003344978815134,-0.00245472036091,0.002433275036119
2019-07-31,0.020989505247376,-0.007439666122301,-0.013113053785746,-0.010940409683427,0.008040658423728
2019-08-01,-0.029074889867842,-0.007495429616088,0.024022220554012,-0.008707931277948,0.017834299044322
2019-08-02,-0.024803387779794,-0.004420703628661,-0.003812037240671,-0.007529507529508,0.009241460890137
2019-08-05,0.000620347394541,-0.014801110083256,0.013981897122673,-0.030073132390131,0.017288110761116
2019-08-06,-0.014259144451333,0,0.0081283111982,0.014022972306391,0.00799308705984
2019-08-07,-0.070283018867925,-0.03981220657277,0.015189691166943,0.000590687977762,0.000357193884841
2019-08-08,0.040757652629799,0.008801095247408,0.005034746844419,0.019620099315901,0.002142398057559
2019-08-09,0.028274293142672,0.025979061651803,-0.003316164538206,-0.00681152510047,-0.001995296800399
2019-08-12,0,-0.000566893424036,0.009698428429846,-0.012173376311639,0.020849696536951
2019-08-13,0.048514538558786,0.003214218188694,-0.00595947556615,0.015551775610095,-0.003427292438973
2019-08-14,-0.043104747550867,-0.012438748586506,0.006841585555085,-0.029567595282858,0.022529477821449
2019-08-15,0.001417546070247,-0.001526717557252,0.006654991243433,0.002641775272983,0.011119500308875
2019-08-16,0.002831078955647,0.001720183486238,-0.006402226861517,0.014754962234323,-0.008010318376213
2019-08-19,0.016311166875785,-0.013737836290784,-0.011696316010646,0.012047775662109,-0.01430233353863
2019-08-20,0.001543209876543,-0.001741149158444,0.007795336971157,-0.00766257311942,0.010344348792002
2019-08-21,0.011710323574731,-0.001937984496124,-0.00316433443499,0.008135406253232,-0.006665292379578
2019-08-22,-0.014925373134328,0.013592233009709,-0.002539503386005,-0.00030774491366,-0.006640841173215
2019-08-23,-0.027520098948671,-0.007471264367816,0.01958981612447,-0.025687508551101,0.016434540389972
2019-08-26,0,0,0.000138725116182,0.011058451816746,-0.004042203343382
2019-08-27,0.000476947535771,-0.021424435437174,0.00957070531937,-0.003923611111111,0.01540895645594
2019-08-28,0.041792467821389,0.012228796844182,-0.002816514391702,0.007041517063478,0.001287175665605
2019-08-29,0.006711409395973,-0.014419329696025,-0.007164508128961,0.012773027796047,-0.003788903924222
2019-08-30,-0.026969696969697,0.001581652827204,-0.002567305023591,-0.000444322920227,0.00027166530834
2019-09-02,-0.008097165991903,-0.005329648637979,0,0,0
2019-09-03,-0.021036106750393,-0.001190712442945,0.013913043478261,-0.005847153359549,-0.000475285171103
2019-09-04,0.05035279025016,-0.004569839062189,0.006243567753002,0.01135034738942,0.001494463691325
2019-09-05,0.026259541984733,-0.015968063872256,-0.02400109095868,0.01285539382397,-0.018110289628977
2019-09-06,-0.029157988693841,0.004665314401623,-0.008523124214056,0.000772278557518,0.007115225200332
2019-09-09,0.041985902543671,0.003634161114476,-0.003734498308906,0.000503271263211,-0.017765278825708
2019-09-10,0.006764705882353,-0.010661838664253,-0.008557889525426,-0.000234741784037,-0.017527932960894
2019-09-11,-0.022202746129127,-0.002033346888979,0.006063632472535,0.007110991849193,-0.001776956429028
2019-09-12,-0.042127278159546,-0.005704971475143,0.002056300077998,0.003463780183181,-0.006550840216462
2019-09-13,0.001559575795383,0.009426229508197,-0.008279082932352,-0.000663812273889,-0.021358944954128
2019-09-16,0.111803176580505,0.040600893219651,0.008348198358901,-0.003088777441961,0.012743518382891
2019-09-17,-0.022128851540616,-0.015021459227468,0.001981318992358,0.002531982942431,0.00542377784206
2019-09-18,-0.021770266399312,-0.013269954446425,-0.006285310734463,0.000598165625415,0.004243688412573
2019-09-19,0.003513909224012,-0.006021678040947,0.004050884798522,-6.64231152440742E-05,0.003008165019338
2019-09-20,0.007295010213014,0.002423263327948,0.011820498301246,-0.009299853859439,0.013210511282491
2019-09-23,-0.011008111239861,0.012087026591459,0.005596362364463,-0.000234678825265,-0.000211431390514
2019-09-24,-0.007322788517868,0.021297770700637,0.005286956521739,-0.007846819355488,0.012054137882419
2019-09-25,-0.024491000295072,0.01052426427597,-0.01854542938205,0.00591475986075,-0.014627011214042
2019-09-26,-0.008166969147006,0.00327868852459,-0.000282027779736,-0.002083193333781,0.006432459178624
2019-09-27,0.008996645318695,-0.00557477893118,-0.005148458988645,-0.005387205387205,0.002458210422812
2019-09-30,-0.02206437962823,0.018364585346994,-0.015525308379413,0.004637779282329,0.002452182442374
2019-10-01,-0.021789522484933,0.003227031131359,0.005472744293224,-0.011894733295145,0.00125803746156
2019-10-02,-0.030647709320695,0.001324503311258,0.011673709088305,-0.017664711499114,0.002443110428592
2019-10-03,-0.006844850065189,-0.010770975056689,0.004530652697154,0.008192737624106,0.009121927442379
2019-10-04,0.021660649819495,0.004966571155683,0,0.013532125886647,0.007383383935965
2019-10-07,0.015097976228719,-0.03079262497624,-0.008527131782946,-0.004314591472737,-0.008288238920474
2019-10-08,-0.029113924050633,0.00509903902726,0.00874262563082,-0.015524771393476,0.00269374222959
2019-10-09,0.02509778357236,-0.000780487804878,0.000916009019166,0.00949641285135,-0.00564854997589
2019-10-10,-0.009538950715421,-0.002343292325718,-0.008729320661739,0.006763484052597,-0.014894354000693
2019-10-11,0.029855537720706,0.004697592483852,-0.005539379305447,0.010366934933843,-0.012376933895922
2019-10-14,-0.019950124688279,0.005065263978181,0.003999143040777,-0.001113811259619,0.007262888066078
2019-10-15,0.000636132315522,0.003876720294631,-0.006970623799701,0.009900321000169,-0.012088222819172
2019-10-16,0.000794659885569,-0.016605522301603,0.005730248549531,-0.001605995717345,0.001216457960644
2019-10-17,-0.009369541051294,0.003926958570587,0.001424399971512,0.002949061662198,-0.00242995997713
2019-10-18,0.017313241423533,-0.009583414824956,-0.001066780456582,-0.004377171879177,0
2019-10-21,-0.009454774661204,-0.00414691943128,-0.004770041292895,0.006779205960332,-0.007522567703109
2019-10-22,0.022589882278078,-0.002379535990482,0.002932970884899,-0.003266775559185,0.005847108929474
2019-10-23,0.009645301804605,0.001590141125025,0.002353780313837,0.002909601685562,0.001004736615473
2019-10-24,0.02095531587057,0.004365945624132,0.007115918309258,0.001633986928105,-0.002007456266131
2019-10-25,0.001811047389073,0.003951788184153,0.002331661131916,0.004094949562207,-0.004885057471264
2019-10-28,-0.009038867128653,0.021255658334974,-0.008600028196814,0.005636604774536,-0.009096159399365
2019-10-29,0.000608087564609,-0.020813258816728,-0.002773037542662,-0.000296735905044,0.000655689931517
2019-10-30,-0.021877848678213,0.005904349537493,0.005490196078431,0.003067181161571,0.014634146341464
2019-10-31,-0.009630319975148,0.009587164938368,0.009998581761452,-0.002663247188794,0.013490241102181
2019-11-01,0.020075282308658,-0.009302325581395,0.000912729059889,0.009263838064154,-0.004814500141603
2019-11-04,0.038130381303813,0.008802816901409,-0.002875982042649,0.004017769647874,-0.013161639157655
2019-11-05,-0.003554502369668,0.014349427961993,-0.016180091452691,-0.001106158701239,-0.01124648547329
2019-11-06,-0.004161712247325,-0.007264385394762,0.004290311047551,0.00022799075009,0.006051768137076
2019-11-07,0.008955223880597,-0.017331022530329,-0.015521537913848,0.00351676978183,-0.018118567908393
2019-11-08,-0.01094674556213,0.006466784244562,-0.006364359586317,0.002466091245376,-0.004207263064659
2019-11-11,0.005085252766976,0.015381619937695,-0.00240192153723,-0.001909755939665,0.000667111407605
2019-11-12,0,-0.006519654841802,0.002699547643368,0.002107994162478,0.004592592592593
2019-11-13,0.002083333333333,0.024705655278904,0.004002037400859,0.000323624595469,0.006488718478101
2019-11-14,-0.000297000297,-0.000188359389716,0.004203507754747,0.001455839534131,0.01032967032967
2019-11-15,0.012477718360072,-0.013752825923135,-0.002525981524249,0.007236310773704,-0.001087665869045
2019-11-18,-0.018485915492958,0.004966571155683,0.002966500253238,0.000737675999872,0.00181475029036
2019-11-19,-0.017339312406577,-0.002471013115377,0.000504977636705,-0.000288443048523,0.008332729512354
2019-11-20,0.022208700943109,0.004001524390244,0.000504722762997,-0.003718783060302,0.010347801092268
2019-11-21,0.01577380952381,-0.004744733345986,-0.005477082732776,-0.001608906908646,-0.006258890469417
2019-11-22,-0.00468795780838,0.004004576659039,-0.001884057971014,0.002223869532987,0.001288290867449
2019-11-25,0,0.00303893637227,-0.004791636416437,0.007750192950862,0.002930664760543
2019-11-26,0.005887547836326,-0.005302026131415,0.004814706740589,0.002265692312602,0.005844202123869
2019-11-27,-0.00702370500439,0.002284408909195,-0.005299840278786,0.004457463066734,-0.0029051229363
2019-11-28,0.00324196875921,0.001709401709402,0,0,0
2019-11-29,-0.036427732079906,0.016496018202503,0.006203926720677,-0.003708634461773,-0.002131893121092
2019-12-02,0.007012195121951,-0.015482186159299,-0.000507761497171,-0.008494798129235,-0.01502634952286
2019-12-03,-0.001816530426885,0.005494505494505,0.009579795340736,-0.006706456167373,0.020967392090232
2019-12-04,0.039126478616925,0.017147164122857,-0.001365825605636,0.006170247132935,-0.009985128531974
2019-12-05,0.009924109748978,0.006113375324194,0.000575871004895,0.001797983689719,-0.004864091559371
2019-12-06,0.007514450867052,0.001473025225557,-0.009928057553957,0.00913402986988,-0.005534790109258
2019-12-09,-0.002294893861159,0.014524728810443,-0.00029065542799,-0.003144154730524,0.002168413444164
2019-12-10,0.003450258769408,0.005255527364987,0.002834714348016,-0.001115075825156,7.21240533716472E-05
2019-12-11,-0.014613180515759,-0.004326663061114,0.00688555483076,0.002838643829937,0.007860954853599
2019-12-12,0.013666763594068,0.007966684772768,-0.003527209904981,0.008619044590039,-0.016457960644007
2019-12-13,0.01004016064257,0.00395185917011,0.004478797948422,0.000599123387885,0.011567842851946
2019-12-16,0.008236296506674,-0.0184290570764,-7.19165767710805E-05,0.006870036556158,-0.008990218642117
2019-12-17,0.007042253521127,0.002187386073642,-0.000215765247411,0.000219092331768,-0.001378909935409
2019-12-18,0.003636363636364,0.007457257184431,7.19372707000954E-05,6.25840973806913E-05,-0.008212209302326
2019-12-19,0.007803790412486,0.013359812240477,0.002589555459646,0.004099001846115,0
2019-12-20,-0.013827433628319,-0.003563156957064,0.001004448270914,-0.00052976004986,0.001318971202462
2019-12-23,0.003365114974762,-0.008760951188986,0.003081995412844,0.001527764786581,-0.001463593121112
2019-12-24,0.003912800447177,0.003787878787879,0.009431939978564,3.1131311873489E-05,0.002858189813118
2019-12-25,0,0,0,0,0
2019-12-26,0,0,0.007857294542366,0.005323288609407,0.002411575562701
2019-12-27,0.016982182628062,0.000718778077269,-0.000351172917544,-0.000247724035425,0.001093533571481
2019-12-30,-0.011223651793047,-0.002154785419285,0.002107777699712,-0.005513225546677,-0.003641130206816
2019-12-31,-0.003045404208195,0.00521864315278,0.001893009885718,0.002429301108758,-0.009793889782196
2020-01-01,0,0,0,0,0
2020-01-02,-0.003054707025826,-0.029538131041891,0.007347795661302,0.009351892127012,0.011330085621494
2020-01-03,0.03091922005571,0.013097214536064,0.013268496005558,-0.0075722596731,0.015363281392548
2020-01-06,0.008781410429614,0.028404952658412,0.010489510489511,0.003815018144598,-0.005678550891317
2020-01-07,-0.010312039641087,-0.005842776203966,0.003935138069069,-0.002811766159931,-0.004951926552447
2020-01-08,-0.026792963464141,-0.002849510240427,-0.007501520578496,0.005329532426486,-0.006574884667078
2020-01-09,-0.019466073414906,0.010358992677264,-0.005651641018657,0.006780705809832,0.003510311540149
2020-01-10,0,0.024041011136645,0.006026159008423,-0.002877697841727,0.008890832240198
2020-01-13,-0.019852524106636,0.007767995857069,-0.007419508542645,0.006877283473028,-0.003033805258596
2020-01-14,0.002025462962963,0.024837273038712,-0.000891510080922,-0.001524622655893,0.005144182002608
2020-01-15,-0.010684377707191,-0.002005682767842,0.00583430571762,0.00225988700565,0.006631586534996
2020-01-16,0.018680677174548,0.005694188578128,-0.001569537327692,0.008318352174046,-0.003150733977802
2020-01-17,-0.004297994269341,-0.008326394671107,0.001845396760304,0.003112534751601,-0.008548236477265
2020-01-20,0.002877697841727,0.011418975650714,0,0,0
2020-01-21,-0.006599713055954,-0.002324423044994,0.00109155410015,-0.001958126223829,0.010505723808144
2020-01-22,-0.021374927787406,0.014977533699451,0.000340738721548,0.000120736492605,0.00351330035133
2020-01-23,-0.0271546635183,-0.013444827020823,0.002248109544247,0.001146858212109,0.007002000571592
2020-01-24,-0.026699029126214,-0.01495762007645,0.00584556824361,-0.008893042324852,0.008088548318433
2020-01-27,-0.025249376558604,-0.009785726337102,0.006825246654953,-0.016029443075707,0.015554617117117
2020-01-28,0.018228333866326,0.015334810018743,-0.008926773608967,0.01047913446677,-0.007831450550974
2020-01-29,-0.008479899497487,0.006376908877328,0.005417851821753,-0.000825965921258,0.009779267951942
2020-01-30,-0.016788089958822,0.00333500083375,6.73582109658177E-05,0.003245361582267,0.000138350857775
2020-01-31,-0.014658505154639,0,0.005792415976292,-0.018157958984375,0.009129893484576
2020-02-03,-0.023377472617296,0.009639355160379,-0.006495680707159,0.007428589189693,-0.002467443454421
2020-02-04,0.003013056578507,0.00164609053498,-0.013008897276894,0.015241268665926,-0.01346708808575
2020-02-05,0.020694259012016,-0.002958093672966,0.001229256299939,0.011548045949067,-0.010934670566932
2020-02-06,-0.012753433616743,-0.005274435470579,0.005388445535775,0.003364777984738,0.00450672487853
2020-02-07,-0.000662471016893,0.014250207125104,0.002645861601085,-0.00532966045871,0.012478093235191
2020-02-10,-0.020218760357972,0.013886619833361,0.002571215914473,0.007465382299819,0.002769507720003
2020-02-11,0.004059539918809,0.016596841766033,-0.003441992306135,0.001732998685311,-0.00504039218394
2020-02-12,0.024258760107817,0.01030274211444,-0.000812677773263,0.006442760842331,-0.005065926439972
2020-02-13,0.003618421052632,0.009883903357389,0.005693371289142,-0.001066919566119,0.003836227941689
2020-02-14,0.011799410029499,-0.031225726270002,0.004178460708991,0.001602088648905,0.004377431906615
2020-02-17,0.002591512795594,-0.008980115458627,0,0,0
2020-02-18,-0.010662358642973,0.018122977346278,0.012818791946309,-0.002577014218009,0.006848841231408
2020-02-19,0.032658393207054,0.021614748887476,0.005831290172951,0.00478127876934,-6.87096330904691E-05
2020-02-20,0.010436432637571,-0.009956440572495,0.004084590552737,-0.004108293432642,0.007833436404865
2020-02-21,-0.020031298904538,0.006599622878693,0.015025260809658,-0.010298263837365,0.009340696802346
2020-02-24,-0.041200894282977,-0.015142054324071,0.008985132514544,-0.033165407220823,0.014928397730343
2020-02-25,-0.00599600266489,-0.007449675067364,-0.017874303286565,-0.03030209044104,0.005324459234609
2020-02-26,-0.012734584450402,-0.017566272756308,0.004370515329419,-0.003678234447465,-0.005296259516716
2020-02-27,-0.063475899524779,-0.022106631989597,0.000194843151263,-0.044911717495987,0.010848585690516
2020-02-28,-0.046031170714027,-0.021941489361702,-0.036493506493507,-0.004201539444052,0.0225836186463
2020-03-02,0.049012158054711,-0.000169952413324,0.005526351260278,0.043306555052994,-0.008821067542335
2020-03-03,0.014487504527345,-0.010198878123407,0.031434316353888,-0.028632437154227,0.01552552942705
2020-03-04,-0.003570153516601,-0.015627683324747,0.001754499967509,0.042033040234479,-0.010618563295593
2020-03-05,-0.012540308133286,-0.003489183531054,0.021600934094448,-0.033241705555201,0.024891704920153
2020-03-06,-0.093251088534108,-0.032738095238095,0.000380976569941,-0.016531111551941,0.052043906131718
2020-03-09,-0.198079231692677,-0.037466063348416,0.001650269755633,-0.078094533718819,0.027103196018469
2020-03-10,-0.002994011976048,-0.001316284317413,-0.021101324377416,0.051744885679904,-0.051258100297741
2020-03-11,-0.001601601601602,-0.004330634532103,-0.00356033143449,-0.048748353096179,-0.036797735523968
2020-03-12,-0.075596551032685,-0.069591527987897,-0.039888260897811,-0.095677212421636,0.006196895163866
2020-03-13,0.022125813449024,0.01239837398374,-0.030516273090196,0.085486276248438,-0.022603174603175
2020-03-16,-0.068972835314092,-0.05641437462357,-0.011446119486321,-0.10942373384821,0.06476549304924
2020-03-17,-0.029860952815136,-0.011489361702128,0.013555492798645,0.053992078382323,-0.066682935757428
2020-03-18,-0.201832706766917,-0.021093413689195,-0.01992198383951,-0.050632911392405,-0.056412602954635
2020-03-19,0.057697968795997,-0.01495162708883,-0.018905472636816,0.002125,0.027225493591964
2020-03-20,0.061786807681603,0.038839285714286,0.014995653433787,-0.048688204232672,0.075195575937416
2020-03-23,-0.152817824377457,0.007305543618393,0.044179573192492,-0.025568181818182,0.041209308160321
2020-03-24,0.082920792079208,0.023464163822526,0.04853041695147,0.090603274276744,-0.018614457831325
2020-03-25,0.014571428571429,0.005418924551897,-0.013689700130378,0.0149701830146,-0.002271192683077
2020-03-26,-0.030413967896367,-0.006218905472637,0.012822207534699,0.058389724056891,0.004921865386982
2020-03-27,-0.085100203311066,-0.016270337922403,-0.006460454189507,-0.02978560490046,0.026692788049467
2020-03-30,-0.043492063492064,-0.01972010178117,0.00440065681445,0.032475731986426,-0.008228980322004
2020-03-31,0.008961168270826,-0.039368375513736,-0.031846717237771,-0.01490540798777,-0.008116883116883
2020-04-01,-0.006578947368421,-0.026795766719207,0.009456264775414,-0.045004849660524,0.012547735951991
2020-04-02,0.179801324503311,0.012494215640907,0.016393442622951,0.023075360552509,0.006345785440613
2020-04-03,0.099915801291047,-0.00091407678245,0.004937458854509,-0.014454195290474,0.002379535990482
2020-04-06,-0.007144679765246,0.000914913083257,0.027710448738945,0.067166283895403,-0.002611275964392
2020-04-07,-0.010280133641737,0.005027422303473,-0.005354411014788,0.001019406478894,-0.010472450315364
2020-04-08,-0.07166969618281,-0.010459299681673,-0.008907972314791,0.033568438124694,-0.007276007215875
2020-04-09,0.037762237762238,0.012408088235294,0.026123504688005,0.015217311973142,0.001817190623296
2020-04-10,0,0,0,0,0
2020-04-13,0,0,0.017140336505136,-0.009130122214234,-0.009129935304432
2020-04-14,-0.094070080862534,-0.027235587834771,0.007868161823927,0.0294928535152,-0.000244081034904
2020-04-15,-0.060398690865814,-0.002099860009333,-0.005102040816327,-0.021248105993869,0.0264892578125
2020-04-16,-0.031982267257758,0.024549918166939,-0.00086499845536,0.00482430875576,0.011356879533833
2020-04-17,0.015047432122997,0.009812870835235,-0.019417475728156,0.027015406664278,-0.013404668116879
2020-04-20,-0.060586529165324,-0.023050847457627,0.007126190326039,-0.017617917945856,0.008044812585662
2020-04-21,-0.189708404802744,-0.022900763358779,-0.006825297432686,-0.030363294151071,0.012591629226768
2020-04-22,-0.064352243861135,0.002840909090909,0.019670890864384,0.022194550249048,-0.010216591744994
2020-04-23,0.090497737556561,-0.012747875354108,0.009954863043344,-7.16589036189319E-05,0.005308481774213
2020-04-24,-0.058921161825726,-0.018651362984218,-0.00428553936574,0.013938655582629,0.002346866932645
2020-04-27,-0.169312169312169,-0.020077972709552,-0.006640432857845,0.014418489592536,-0.018613907749942
2020-04-28,-0.000530785562633,-0.007509448975532,-0.004456548650656,-0.004598502003135,0.011511392103066
2020-04-29,0.096654275092937,0.049005361527284,0.005533449390699,0.02617856017919,-0.005188985199599
2020-04-30,0.092009685230024,0.039885359445904,-0.018116614109936,-0.009310732921797,-0.011676841918084
2020-05-01,0.022172949002217,0.030087276067984,0.006171284634761,-0.026473423299367,0.007256807004918
2020-05-04,0.007375271149675,-0.022296544035675,0.003504819126299,0.002758230489055,-0.004703780887169
2020-05-05,0.165805340223945,0.024173318129989,0.004240987900711,0.009239341256127,-0.006401052883465
2020-05-06,-0.04802364240857,-0.032509463371187,-0.01285554589492,-0.006778713442119,-0.016135829971702
2020-05-07,0.098564221963524,0.002761795166858,0.015350739226172,0.012066842568162,0.016706443914081
2020-05-08,0,0,-0.006010285643472,0.01654616240267,-0.013001083423619
2020-05-11,-0.06534793359237,-0.017443194858848,-0.006233636703653,0.000205170291342,-0.007805829979266
2020-05-12,0.00302343159486,0.016584910067741,0.003889097980178,-0.019931623931624,0.010264290104487
2020-05-13,-0.000941974378297,-0.011259191176471,0.009622594351412,-0.017685840862316,0.006996410537203
2020-05-14,0.01489722798416,0.02788752033465,0.008850105211041,0.011967329545455,0.009787336877719
2020-05-15,0.058342623560015,-0.015826362197604,0.005643825532176,0.004596975120188,-0.002572693550317
2020-05-18,0.113412921348315,0.04066161268091,-0.007564204233514,0.030459689814168,-0.02195429188411
2020-05-19,-0.025228634500158,0.0158940397351,0.00965025508636,-0.010271186440678,0.003741183685986
2020-05-20,0.040439987059204,0.017818339852238,0.002374284670644,0.016988046717128,0.002994011976048
2020-05-21,0.013059701492537,-0.016865926558497,-0.014576374126936,-0.006903984103998,0.002497715504112
2020-05-22,-0.024248004910989,-0.003474484256243,0.005916795069338,0.001899077590884,0.006016042780749
2020-05-25,0,0,0,0,0
2020-05-26,0.026423403586033,0.001743299193724,-0.014214815268673,0.012320606552938,-0.013409845967986
2020-05-27,-0.025436714679743,-0.012834457254731,0.001802473739822,0.014878962150595,-0.001836772179024
2020-05-28,-0.00251572327044,-0.005288673424416,0.003350291599454,-0.001844957664811,-0.003680304238484
2020-05-29,0.019546027742749,0.007532122286221,0.00735839722978,0.004455886721457,0.007141537893246
2020-06-01,0.033395176252319,0.017370272647318,0.004603768952182,0.004041798107256,-0.008007824439147
2020-06-02,0.038599640933573,0.017073697860385,-0.0064768422339,0.008280150548192,-0.003635691397584
2020-06-03,0.018150388936906,0.023799405014875,-0.018450184501845,0.013308231628149,-0.013297049910322
2020-06-04,-0.008771929824561,0.0093399750934,0.010526315789474,-0.002626689730284,-0.014479127491538
2020-06-05,0.070225520982016,0.028788813489616,-0.020275297619048,0.025629496402878,-0.007123322521147
2020-06-08,-0.020805548146172,0.005396761942834,0.010822099867097,0.012087430325046,0.003843443725578
2020-06-09,-0.010896213565786,-0.003180914512922,0.009641873278237,-0.007456683168317,0.011358560398188
2020-06-10,0.011704764527678,0.014758675708018,0.014324693042292,-0.005579974438106,0.014827433907502
2020-06-11,-0.052946780999047,-0.010416666666667,-0.007214036803815,-0.057648902821317,0.018900770952499
2020-06-12,-0.004599022707675,-0.005163853028798,0.001416343370897,0.011975649512658,-0.009641200878692
2020-06-15,-0.000433150447589,-0.014973048512677,-0.001783298487271,0.009335656290063,0.000554528650647
2020-06-16,0.035100390004333,0.030198621807864,-0.000492823261258,0.019247679531021,-0.015333456493626
2020-06-17,0.008931063354731,-0.004721621089907,0.00191063174114,-0.004153885480573,0.004127579737336
2020-06-18,0.019917012448133,-0.001186005139356,-0.001968503937008,0.00038503497401,0.010587942202292
2020-06-19,0.028749660970979,0.012072036414012,0.011033037475345,-0.010071204054141,0.000801183286084
2020-06-22,0.001845504877406,-0.026202581149785,0.006462232518442,0.006415241057543,0.000123160293122
2020-06-23,0.026315789473684,0.00140562248996,0.00841964988794,0.004603695834138,-0.006834554522505
2020-06-24,-0.072564102564103,-0.012833366753559,-0.003483901970207,-0.025508732574908,0.010725356478611
2020-06-25,-0.002488249930882,0.002843794434288,-0.000602772754671,0.010720510375218,0.002882904986812
2020-06-26,-0.000415742793792,-0.028559854162447,0.004463208685163,-0.023751423458598,0.010703363914373
2020-06-29,0.020379869679745,0.013761467889908,0.000540410712141,0.014697550408265,-0.003146747352496
2020-06-30,0.014266304347826,0.017482517482518,0.004440977014943,0.012809564474808,-0.004856431736781
2020-07-01,0.011922304085734,0.017182130584192,-0.00448108980104,0.007004799584901,-0.003111083999268
2020-07-02,0.005030447445062,0.000993640699523,0.002160604969391,0.005506891665593,0.001040264349529
2020-07-03,0.001844046364594,0.003375024816359,0,0,0
2020-07-06,0.017617670260321,0.001385041551247,0.005988741166607,0.015437337859911,-0.004095604865823
2020-07-07,-0.00749354005168,-0.01521438450899,0.006310275032742,-0.010313830626084,0.014055978394304
2020-07-08,-0.001692267638636,0.005417335473515,0.006211547562707,0.007648671043406,-0.003994915562012
2020-07-09,-0.020211240057374,-0.015964877270006,-0.002704450584984,-0.005692959706496,0.015922212093589
2020-07-10,0.010912962470056,-0.014398702088826,-0.002593880799387,0.010210573191679,-0.005024825028414
2020-07-13,0.011058451816746,-0.00082304526749,0.001241208109226,-0.008658962813691,0.003306679492575
2020-07-14,-0.000520833333333,-0.029859967051071,0.004663518299882,0.012958963282938,0.00143815915628
2020-07-15,0.004429390307452,0.028019528762471,0.000881367882954,0.009187256992349,-0.004667304930589
2020-07-16,0.006225680933852,0.007639892628536,-0.009451684865563,-0.003293459686189,0.004749308644944
2020-07-17,-0.014436710492395,0.007991803278689,0.00823801339418,0.002899092864491,-0.002094178184647
2020-07-20,0.00261574679571,-0.024191908924578,0.004820126969198,0.008081561606366,0.002458328336731
2020-07-21,0.037568484216019,0.022708333333333,0.012051012051012,0.002127528367045,0.000598121897243
2020-07-22,-0.021121448327885,-0.006926054186189,0.015202312138728,0.005692132549768,0.002988821806444
2020-07-23,0.010788594913948,0.002051282051282,0.008825371519672,-0.01193171388362,0.011681268251982
2020-07-24,-0.023634053367217,-0.015762538382805,0.008578846370922,-0.006440426058955,-5.89101620028787E-05
2020-07-27,-0.005205622071838,0.046797004991681,0.019753777280358,0.007292445774121,-0.003711558854719
2020-07-28,0.011643118785976,-0.012517385257302,0.008341107391758,-0.006342429305117,0.00691857370942
2020-07-29,0.008922798396483,-0.006639839034205,0.007510204081633,0.012298782576206,-0.001703077284473
2020-07-30,-0.03358113304281,0.009317399230302,-0.007400205261168,-0.003567913385827,0.006588622860168
2020-07-31,-0.002122015915119,0.040136463977524,0.009087940792338,0.007902210149401,-0.000642861317281
2020-08-03,0.028176501860712,0.0235384912213,0.001132502831257,0.006952100943281,-0.006140350877193
2020-08-04,0.010599793174767,-0.0062205466541,0.021277741865977,0.003862647890751,0.009532215357458
2020-08-05,0.037349705807112,-0.003793626707132,0.009283190041669,0.006210991940859,-0.00874278720056
2020-08-06,-0.025400739827374,0.022848438690023,0.013274105043115,0.006684532233296,0.005585935203152
2020-08-07,-0.013917004048583,-0.016008935219658,-0.015885295786271,0.000717853617683,-0.006665887030757
2020-08-10,0.011547344110855,-0.020052970109724,-0.003458938210786,0.002988911139672,-0.00447374617377
2020-08-11,0.005327245053272,0.023938223938224,-0.05369445174862,-0.008254611556456,-0.011914616840114
2020-08-12,0.00630835225839,-0.001131221719457,-0.004668222740914,0.013942307692308,-0.009066156009694
2020-08-13,-0.001504513540622,0.022272555681389,0.023618090452261,-0.001807728781413,-0.010689051271212
2020-08-14,-0.006027122049222,0.007939438700148,-0.004309169257623,2.96885669328617E-05,-0.003906726895373
2020-08-17,0.008590197069227,0.003846858398974,0.021693875315,0.00317658235364,0.00251256281407
2020-08-18,0.005511022044088,-0.032664233576642,0.009008042895442,0.002160338551685,0.007152026407482
2020-08-19,-0.000373692077728,0.033201282776835,-0.031565522372197,-0.004163713678242,-0.006251517358582
2020-08-20,-0.008598130841122,-0.015519444951616,0.006913959613696,0.003113601992705,0.009039271972149
2020-08-21,-0.023629964806435,-0.011498516320475,-0.008010899182561,0.003547357218872,0.005992373343018
2020-08-24,0.027033985581875,-0.008255159474672,-0.005658407954733,0.010133144809709,-0.001624548736462
2020-08-25,0.010027575833542,0.00264850548619,0.00121546961326,0.003499358450951,-0.007653829928283
2020-08-26,0.005956813104989,-0.013962264150944,0.011808851120186,0.010025572474718,-0.003826065832625
2020-08-27,-0.012583271650629,0.006505931879066,-0.011561954624782,0.002186609891533,-0.0170090837042
2020-08-28,0.002873563218391,-0.000950570342205,0.017380269256235,0.006459391955904,-0.000744232200447
2020-08-31,0,0,0.002386246542654,-0.003622568315363,0.006641012909633
2020-09-01,0.002865329512894,-0.000190294957184,0.001190282962722,0.009418568034125,0.010296565756212
2020-09-02,-0.028074534161491,-0.012371526456034,-0.013131586057822,0.014463981849121,0.009520322226291
2020-09-03,-0.029652351738241,-0.042975525149355,-0.008104260212463,-0.034414313670674,0.002841252569218
2020-09-04,-0.00895679662803,-0.003826016915022,0.002760295903721,-0.008164683401372,-0.018988486346374
2020-09-07,-0.022860180754918,0.001212856276531,0,0,0
2020-09-08,-0.0639281828074,-0.004239854633555,-0.001926888350584,-0.027322882914441,0.006144770800049
2020-09-09,0.037053182214473,0.006285482562855,0.009708202327762,0.019747306503406,-0.002687187003786
2020-09-10,-0.008266778758582,-0.003223856538384,-0.003223163070199,-0.017363665793579,0.005082669932639
2020-09-11,-0.005368748233964,-0.004447139680615,-5.48065329388781E-05,0.000509149719968,0.002132455980016
2020-09-14,-0.012215909090909,-0.006294416243655,0.007892573307756,0.013171286595222,-6.07976653695941E-05
2020-09-15,0.016681046879494,0.014507560277891,-0.002392734787101,0.005052295692253,-0.00243205447802
2020-09-16,0.048656294200849,0.018328298086607,0.002834559825566,-0.003968603933328,-0.002986530139575
2020-09-17,0.028594550849744,0.025316455696203,-0.005490025547644,-0.008795230505873,0.003056608387333
2020-09-18,0.003409388932599,0.005594135802469,0.0013117621338,-0.015453787517866,-0.003108239882984
2020-09-21,-0.059330893883952,-0.012468827930175,-0.020087336244541,-0.011129593225465,0.005074280124717
2020-09-22,0.018338427340928,0.020979020979021,-0.004846256684492,0.010184420589045,-0.000790754257908
2020-09-23,0.006548431105048,-0.003234398782344,-0.021606493143017,-0.023191038449894,0.001339258537773
2020-09-24,-0.004066142586067,0.001145256728383,0.00371874821214,0.002665509546244,0.00383002006201
2020-09-25,0.006396298312466,0.009723546234509,-0.002849977200182,0.016166924265843,0
2020-09-28,0.006355645706559,-0.028512084592145,0.010060592203041,0.016609375475314,-0.002846414728682
2020-09-29,-0.033324375167966,0.020213799805637,0.008432371250708,-0.00544600377031,0.001153962951716
2020-09-30,0.015568529329997,-0.002286149742808,-0.006004826308996,0.007581911724885,-0.009585052171803
2020-10-01,-0.043252121543937,0.00668321558144,0.008920505871725,0.006420018513542,0.000612519906897
2020-10-02,-0.001430615164521,0.016691957511381,-0.000895355344152,-0.009494422027059,-0.003734084231146
2020-10-05,0.044699140401146,-0.00429104477612,0.004872857622942,0.017733045770429,-0.019539170506913
2020-10-06,0.024273176083379,0.009743301480232,-0.011760771417424,-0.014215917117966,0.005389484238892
2020-10-07,-0.024367385192128,0.030989051772129,-0.000451212633954,0.017406622279282,-0.007292900330362
2020-10-08,0.031700288184438,0.002519798416127,0.003554903509762,0.008862542551943,0.005399974883838
2020-10-09,0.006650704974727,0.000718132854578,0.018161371942648,0.008930129734132,-0.00018735948039
2020-10-12,-0.03818710359408,0.016684607104413,-0.002871658935277,0.016087645956465,0.003185708039228
2020-10-13,0.022667948894079,-0.031409917063702,-0.015728843597696,-0.006526118661862,0.007160647571607
2020-10-14,0.015045674368619,0.012206230643104,0.003094755795634,-0.006283380458687,0.002287480680062
2020-10-15,-0.016675489677078,0.012059035277178,0.003646154709149,-0.001235880780617,-0.001727115716753
2020-10-16,0.009959623149394,0.003378979192602,-0.003465235859602,-0.000604316546763,-0.002780523974296
2020-10-19,0.006529850746269,0.021978021978022,0.000504767246214,-0.015203432290017,-0.003779664167544
2020-10-20,-0.012048192771084,-0.005029483177246,0.004820898032401,0.004005730826584,-0.009516108968777
2020-10-21,-0.015947467166979,-0.01655917727035,0.007531380753138,-0.001892946589784,-0.003453689167975
2020-10-22,0.019474329293205,0.031726338177951,-0.009800664451827,0.005485367490444,-0.010396975425331
2020-10-23,-0.010820197702378,-0.007730630475863,-0.001062461555668,0.003395142334813,0.00611270296084
2020-10-26,-0.044699527346388,-0.003635734072022,-0.000503806538289,-0.018479958355023,0.00930320865768
2020-10-27,0.022052586938083,0.00868809730669,0.002632315877905,-0.003447361442588,0.006709305242037
2020-10-28,-0.04896265560166,0.008268733850129,-0.01614344765948,-0.034178936786707,0.000934288383681
2020-10-29,-0.0413030831879,-0.032120280198189,-0.004144665871799,0.010163472723933,-0.009707529558183
2020-10-30,-0.009405339805825,-0.01747572815534,0.004561003420752,-0.010424874234802,-0.009865527208747
